[{"model": "admin.logentry", "pk": 1, "fields": {"action_time": "2022-05-16T11:33:21.006Z", "user": 2, "content_type": 8, "object_id": "5", "object_repr": "Blog", "action_flag": 2, "change_message": "[{\"changed\": {\"fields\": [\"Subscribers\"]}}]"}}, {"model": "admin.logentry", "pk": 2, "fields": {"action_time": "2022-05-16T11:33:35.002Z", "user": 2, "content_type": 8, "object_id": "5", "object_repr": "Blog", "action_flag": 2, "change_message": "[{\"changed\": {\"fields\": [\"Author\"]}}]"}}, {"model": "admin.logentry", "pk": 3, "fields": {"action_time": "2022-05-16T11:34:00.128Z", "user": 2, "content_type": 9, "object_id": "1", "object_repr": "Post", "action_flag": 1, "change_message": "[{\"added\": {}}]"}}, {"model": "admin.logentry", "pk": 4, "fields": {"action_time": "2022-05-16T11:34:26.601Z", "user": 2, "content_type": 9, "object_id": "2", "object_repr": "Post", "action_flag": 1, "change_message": "[{\"added\": {}}]"}}, {"model": "admin.logentry", "pk": 5, "fields": {"action_time": "2022-05-16T11:34:40.376Z", "user": 2, "content_type": 9, "object_id": "3", "object_repr": "Post3", "action_flag": 1, "change_message": "[{\"added\": {}}]"}}, {"model": "admin.logentry", "pk": 6, "fields": {"action_time": "2022-05-16T11:34:54.246Z", "user": 2, "content_type": 9, "object_id": "4", "object_repr": "Post4", "action_flag": 1, "change_message": "[{\"added\": {}}]"}}, {"model": "admin.logentry", "pk": 7, "fields": {"action_time": "2022-05-16T11:35:11.288Z", "user": 2, "content_type": 9, "object_id": "5", "object_repr": "Post5", "action_flag": 1, "change_message": "[{\"added\": {}}]"}}, {"model": "admin.logentry", "pk": 8, "fields": {"action_time": "2022-05-16T12:45:54.994Z", "user": 2, "content_type": 9, "object_id": "1", "object_repr": "Post", "action_flag": 2, "change_message": "[{\"changed\": {\"fields\": [\"Likes\"]}}]"}}, {"model": "admin.logentry", "pk": 9, "fields": {"action_time": "2022-05-16T14:14:06.774Z", "user": 2, "content_type": 9, "object_id": "6", "object_repr": "Post6", "action_flag": 1, "change_message": "[{\"added\": {}}]"}}, {"model": "admin.logentry", "pk": 10, "fields": {"action_time": "2022-05-16T14:14:17.152Z", "user": 2, "content_type": 9, "object_id": "7", "object_repr": "asdasd", "action_flag": 1, "change_message": "[{\"added\": {}}]"}}, {"model": "admin.logentry", "pk": 11, "fields": {"action_time": "2022-05-16T14:14:28.913Z", "user": 2, "content_type": 9, "object_id": "8", "object_repr": "Post8", "action_flag": 1, "change_message": "[{\"added\": {}}]"}}, {"model": "admin.logentry", "pk": 12, "fields": {"action_time": "2022-05-16T14:14:41.293Z", "user": 2, "content_type": 9, "object_id": "9", "object_repr": "Post9", "action_flag": 1, "change_message": "[{\"added\": {}}]"}}, {"model": "admin.logentry", "pk": 13, "fields": {"action_time": "2022-05-19T12:00:13.643Z", "user": 2, "content_type": 10, "object_id": "1", "object_repr": "komentar, komentar, komentar, komentar,", "action_flag": 1, "change_message": "[{\"added\": {}}]"}}, {"model": "admin.logentry", "pk": 14, "fields": {"action_time": "2022-05-19T12:00:20.162Z", "user": 2, "content_type": 10, "object_id": "2", "object_repr": "komentar, komentar, komentar, komentar,", "action_flag": 1, "change_message": "[{\"added\": {}}]"}}, {"model": "admin.logentry", "pk": 15, "fields": {"action_time": "2022-05-19T12:00:24.089Z", "user": 2, "content_type": 10, "object_id": "3", "object_repr": "komentar, komentar, komentar, komentar,", "action_flag": 1, "change_message": "[{\"added\": {}}]"}}, {"model": "admin.logentry", "pk": 16, "fields": {"action_time": "2022-05-19T12:00:29.596Z", "user": 2, "content_type": 10, "object_id": "4", "object_repr": "komentar, komentar, komentar, komentar,", "action_flag": 1, "change_message": "[{\"added\": {}}]"}}, {"model": "admin.logentry", "pk": 17, "fields": {"action_time": "2022-05-19T12:00:37.072Z", "user": 2, "content_type": 10, "object_id": "5", "object_repr": "komentar, komentar, komentar, komentar, 1", "action_flag": 1, "change_message": "[{\"added\": {}}]"}}, {"model": "admin.logentry", "pk": 18, "fields": {"action_time": "2022-05-19T12:00:43.268Z", "user": 2, "content_type": 10, "object_id": "6", "object_repr": "komentar, komentar, komentar, komentar, 2", "action_flag": 1, "change_message": "[{\"added\": {}}]"}}, {"model": "admin.logentry", "pk": 19, "fields": {"action_time": "2022-05-19T13:45:55.265Z", "user": 2, "content_type": 10, "object_id": "6", "object_repr": "komentar, komentar, komentar, komentar, 23", "action_flag": 2, "change_message": "[{\"changed\": {\"fields\": [\"Text\"]}}]"}}, {"model": "admin.logentry", "pk": 20, "fields": {"action_time": "2022-05-19T13:50:24.035Z", "user": 2, "content_type": 10, "object_id": "6", "object_repr": "komentar, komentar, komentar, komentar, 23", "action_flag": 2, "change_message": "[{\"changed\": {\"fields\": [\"Edited\"]}}]"}}, {"model": "admin.logentry", "pk": 21, "fields": {"action_time": "2022-05-19T18:41:34.046Z", "user": 2, "content_type": 9, "object_id": "15", "object_repr": "123", "action_flag": 1, "change_message": "[{\"added\": {}}]"}}, {"model": "admin.logentry", "pk": 22, "fields": {"action_time": "2022-05-19T18:42:03.931Z", "user": 2, "content_type": 9, "object_id": "16", "object_repr": "adminpost2", "action_flag": 1, "change_message": "[{\"added\": {}}]"}}, {"model": "admin.logentry", "pk": 23, "fields": {"action_time": "2022-05-19T19:47:13.820Z", "user": 2, "content_type": 10, "object_id": "89", "object_repr": "aaaa", "action_flag": 2, "change_message": "[{\"changed\": {\"fields\": [\"Author\"]}}]"}}, {"model": "admin.logentry", "pk": 24, "fields": {"action_time": "2022-05-19T19:47:19.388Z", "user": 2, "content_type": 10, "object_id": "93", "object_repr": "asdasd", "action_flag": 2, "change_message": "[{\"changed\": {\"fields\": [\"Author\"]}}]"}}, {"model": "admin.logentry", "pk": 25, "fields": {"action_time": "2022-05-19T19:47:23.099Z", "user": 2, "content_type": 10, "object_id": "90", "object_repr": "aaaa", "action_flag": 2, "change_message": "[{\"changed\": {\"fields\": [\"Author\"]}}]"}}, {"model": "admin.logentry", "pk": 26, "fields": {"action_time": "2022-05-19T19:47:26.101Z", "user": 2, "content_type": 10, "object_id": "87", "object_repr": "Amar", "action_flag": 2, "change_message": "[{\"changed\": {\"fields\": [\"Author\"]}}]"}}, {"model": "admin.logentry", "pk": 27, "fields": {"action_time": "2022-05-19T19:47:29.378Z", "user": 2, "content_type": 10, "object_id": "82", "object_repr": "123123123123", "action_flag": 2, "change_message": "[{\"changed\": {\"fields\": [\"Author\"]}}]"}}, {"model": "admin.logentry", "pk": 28, "fields": {"action_time": "2022-05-19T19:47:32.277Z", "user": 2, "content_type": 10, "object_id": "79", "object_repr": "asdasd", "action_flag": 2, "change_message": "[{\"changed\": {\"fields\": [\"Author\"]}}]"}}, {"model": "admin.logentry", "pk": 29, "fields": {"action_time": "2022-05-19T19:47:35.641Z", "user": 2, "content_type": 10, "object_id": "78", "object_repr": "123123123", "action_flag": 2, "change_message": "[{\"changed\": {\"fields\": [\"Author\"]}}]"}}, {"model": "admin.logentry", "pk": 30, "fields": {"action_time": "2022-05-24T08:21:28.653Z", "user": 2, "content_type": 8, "object_id": "5", "object_repr": "Post", "action_flag": 2, "change_message": "[{\"changed\": {\"fields\": [\"Moderators\"]}}]"}}, {"model": "admin.logentry", "pk": 31, "fields": {"action_time": "2022-05-24T08:44:15.544Z", "user": 2, "content_type": 8, "object_id": "7", "object_repr": "asd", "action_flag": 2, "change_message": "[{\"changed\": {\"fields\": [\"Moderators\"]}}]"}}, {"model": "admin.logentry", "pk": 32, "fields": {"action_time": "2022-05-24T08:44:24.115Z", "user": 2, "content_type": 8, "object_id": "7", "object_repr": "asd", "action_flag": 2, "change_message": "[{\"changed\": {\"fields\": [\"Subscribers\"]}}]"}}, {"model": "admin.logentry", "pk": 33, "fields": {"action_time": "2022-05-25T12:40:16.124Z", "user": 2, "content_type": 13, "object_id": "1", "object_repr": "Friend_Request object (1)", "action_flag": 1, "change_message": "[{\"added\": {}}]"}}, {"model": "admin.logentry", "pk": 34, "fields": {"action_time": "2022-05-25T12:40:21.919Z", "user": 2, "content_type": 13, "object_id": "2", "object_repr": "Friend_Request object (2)", "action_flag": 1, "change_message": "[{\"added\": {}}]"}}, {"model": "admin.logentry", "pk": 35, "fields": {"action_time": "2022-05-25T12:40:27.867Z", "user": 2, "content_type": 13, "object_id": "3", "object_repr": "Friend_Request object (3)", "action_flag": 1, "change_message": "[{\"added\": {}}]"}}, {"model": "admin.logentry", "pk": 36, "fields": {"action_time": "2022-05-25T12:40:33.960Z", "user": 2, "content_type": 13, "object_id": "4", "object_repr": "Friend_Request object (4)", "action_flag": 1, "change_message": "[{\"added\": {}}]"}}, {"model": "admin.logentry", "pk": 37, "fields": {"action_time": "2022-05-25T12:40:44.023Z", "user": 2, "content_type": 13, "object_id": "5", "object_repr": "Friend_Request object (5)", "action_flag": 1, "change_message": "[{\"added\": {}}]"}}, {"model": "admin.logentry", "pk": 38, "fields": {"action_time": "2022-05-25T12:40:48.829Z", "user": 2, "content_type": 13, "object_id": "6", "object_repr": "Friend_Request object (6)", "action_flag": 1, "change_message": "[{\"added\": {}}]"}}, {"model": "admin.logentry", "pk": 39, "fields": {"action_time": "2022-05-25T12:40:53.725Z", "user": 2, "content_type": 13, "object_id": "7", "object_repr": "Friend_Request object (7)", "action_flag": 1, "change_message": "[{\"added\": {}}]"}}, {"model": "admin.logentry", "pk": 40, "fields": {"action_time": "2022-05-25T13:47:02.376Z", "user": 2, "content_type": 14, "object_id": "8", "object_repr": "Profile object (8)", "action_flag": 1, "change_message": "[{\"added\": {}}]"}}, {"model": "admin.logentry", "pk": 41, "fields": {"action_time": "2022-05-25T14:13:31.851Z", "user": 2, "content_type": 13, "object_id": "8", "object_repr": "from Amar to Bratix", "action_flag": 1, "change_message": "[{\"added\": {}}]"}}, {"model": "admin.logentry", "pk": 42, "fields": {"action_time": "2022-05-25T14:13:37.251Z", "user": 2, "content_type": 13, "object_id": "9", "object_repr": "from Bratix to Denis", "action_flag": 1, "change_message": "[{\"added\": {}}]"}}, {"model": "admin.logentry", "pk": 43, "fields": {"action_time": "2022-05-25T14:13:46.569Z", "user": 2, "content_type": 13, "object_id": "10", "object_repr": "from Amar to admin", "action_flag": 1, "change_message": "[{\"added\": {}}]"}}, {"model": "admin.logentry", "pk": 44, "fields": {"action_time": "2022-05-25T15:30:37.076Z", "user": 2, "content_type": 4, "object_id": "1", "object_repr": "Amar", "action_flag": 2, "change_message": "[{\"changed\": {\"fields\": [\"Superuser status\"]}}]"}}, {"model": "admin.logentry", "pk": 45, "fields": {"action_time": "2022-05-25T15:30:46.887Z", "user": 2, "content_type": 4, "object_id": "1", "object_repr": "Amar", "action_flag": 2, "change_message": "[{\"changed\": {\"fields\": [\"Staff status\"]}}]"}}, {"model": "admin.logentry", "pk": 46, "fields": {"action_time": "2022-05-25T15:31:09.425Z", "user": 2, "content_type": 14, "object_id": "8", "object_repr": "admin", "action_flag": 2, "change_message": "[{\"changed\": {\"fields\": [\"Friends\"]}}]"}}, {"model": "admin.logentry", "pk": 79, "fields": {"action_time": "2022-05-25T19:17:55.462Z", "user": 2, "content_type": 14, "object_id": "9", "object_repr": "admin", "action_flag": 1, "change_message": "[{\"added\": {}}]"}}, {"model": "admin.logentry", "pk": 80, "fields": {"action_time": "2022-05-25T19:26:38.299Z", "user": 2, "content_type": 4, "object_id": "8", "object_repr": "Amar", "action_flag": 2, "change_message": "[{\"changed\": {\"fields\": [\"Staff status\", \"Superuser status\"]}}]"}}, {"model": "admin.logentry", "pk": 81, "fields": {"action_time": "2022-05-27T13:56:45.057Z", "user": 8, "content_type": 15, "object_id": "1", "object_repr": "AmarDenis", "action_flag": 1, "change_message": "[{\"added\": {}}]"}}, {"model": "admin.logentry", "pk": 82, "fields": {"action_time": "2022-05-28T13:31:59.006Z", "user": 2, "content_type": 15, "object_id": "2", "object_repr": "Amaradmin", "action_flag": 2, "change_message": "[{\"changed\": {\"fields\": [\"Active\"]}}]"}}, {"model": "admin.logentry", "pk": 83, "fields": {"action_time": "2022-05-28T13:36:47.010Z", "user": 8, "content_type": 15, "object_id": "1", "object_repr": "AmarDenis", "action_flag": 2, "change_message": "[{\"changed\": {\"fields\": [\"Active\"]}}]"}}, {"model": "admin.logentry", "pk": 84, "fields": {"action_time": "2022-05-28T13:38:23.274Z", "user": 8, "content_type": 15, "object_id": "1", "object_repr": "AmarDenis", "action_flag": 2, "change_message": "[{\"changed\": {\"fields\": [\"Active\"]}}]"}}, {"model": "admin.logentry", "pk": 85, "fields": {"action_time": "2022-05-28T13:38:27.265Z", "user": 8, "content_type": 15, "object_id": "2", "object_repr": "Amaradmin", "action_flag": 2, "change_message": "[{\"changed\": {\"fields\": [\"Active\"]}}]"}}, {"model": "admin.logentry", "pk": 86, "fields": {"action_time": "2022-05-28T13:41:55.987Z", "user": 8, "content_type": 15, "object_id": "1", "object_repr": "AmarDenis", "action_flag": 2, "change_message": "[{\"changed\": {\"fields\": [\"Active\"]}}]"}}, {"model": "admin.logentry", "pk": 87, "fields": {"action_time": "2022-05-28T13:42:07.269Z", "user": 8, "content_type": 14, "object_id": "10", "object_repr": "Amar", "action_flag": 2, "change_message": "[{\"changed\": {\"fields\": [\"Friends\"]}}]"}}, {"model": "admin.logentry", "pk": 88, "fields": {"action_time": "2022-05-28T13:42:32.318Z", "user": 8, "content_type": 14, "object_id": "9", "object_repr": "admin", "action_flag": 2, "change_message": "[{\"changed\": {\"fields\": [\"Friends\"]}}]"}}, {"model": "admin.logentry", "pk": 89, "fields": {"action_time": "2022-05-28T13:43:31.138Z", "user": 8, "content_type": 14, "object_id": "10", "object_repr": "Amar", "action_flag": 2, "change_message": "[{\"changed\": {\"fields\": [\"Friends\"]}}]"}}, {"model": "admin.logentry", "pk": 90, "fields": {"action_time": "2022-05-28T13:43:35.301Z", "user": 8, "content_type": 14, "object_id": "9", "object_repr": "admin", "action_flag": 2, "change_message": "[{\"changed\": {\"fields\": [\"Friends\"]}}]"}}, {"model": "admin.logentry", "pk": 91, "fields": {"action_time": "2022-05-28T13:43:41.943Z", "user": 8, "content_type": 15, "object_id": "1", "object_repr": "AmarDenis", "action_flag": 2, "change_message": "[{\"changed\": {\"fields\": [\"Active\"]}}]"}}, {"model": "auth.user", "pk": 2, "fields": {"password": "pbkdf2_sha256$260000$sb4arLfv2Mt0ydFddM7jla$fbjlm7y05WxRFb0rtZCTgTCuCOKLZwBcaJO5TPLGi9Q=", "last_login": "2022-05-28T13:47:36.583Z", "is_superuser": true, "username": "admin", "first_name": "", "last_name": "", "email": "admin@admin.com", "is_staff": true, "is_active": true, "date_joined": "2022-05-16T11:10:51.790Z", "groups": [], "user_permissions": []}}, {"model": "auth.user", "pk": 8, "fields": {"password": "pbkdf2_sha256$260000$KVmV08dSZkT0BLrfG7UVyF$vN8Eevanow+Mn3PEs7BptW9j8k+kn9t8UsGtBnuwCOM=", "last_login": "2022-06-06T13:33:52.012Z", "is_superuser": true, "username": "Amar", "first_name": "", "last_name": "", "email": "amar_bratic@net.hr", "is_staff": true, "is_active": true, "date_joined": "2022-05-25T19:18:08Z", "groups": [], "user_permissions": []}}, {"model": "auth.user", "pk": 9, "fields": {"password": "pbkdf2_sha256$260000$YwONRMF1pq53D9mqESi4r4$7YQuPAeITCYZdakwi9lPxZIr7NCns/ovUC1vZK5HjmE=", "last_login": "2022-05-25T19:19:05.378Z", "is_superuser": false, "username": "Bratix", "first_name": "", "last_name": "", "email": "amar_bratic@net.hr", "is_staff": false, "is_active": true, "date_joined": "2022-05-25T19:18:30.410Z", "groups": [], "user_permissions": []}}, {"model": "auth.user", "pk": 10, "fields": {"password": "pbkdf2_sha256$260000$xY5UPQ86kASk3CpBBktXG7$uobBl5yyp64Fm2NPnKFEDTaJnmQ1o7OB/qPd5sgi3qw=", "last_login": "2022-05-25T19:21:11.595Z", "is_superuser": false, "username": "Ilma", "first_name": "", "last_name": "", "email": "ilma@ilma.com", "is_staff": false, "is_active": true, "date_joined": "2022-05-25T19:21:11.264Z", "groups": [], "user_permissions": []}}, {"model": "auth.user", "pk": 11, "fields": {"password": "pbkdf2_sha256$260000$zSPKNEY3xByoXuTAFwfcj5$aA9AobFK3NiLR/Cpd9tO+VhVB1uv25khp/oEAMxQV3Q=", "last_login": "2022-05-29T11:26:39.643Z", "is_superuser": false, "username": "Denis", "first_name": "", "last_name": "", "email": "denis@denis.com", "is_staff": false, "is_active": true, "date_joined": "2022-05-25T19:22:25.256Z", "groups": [], "user_permissions": []}}, {"model": "sessions.session", "pk": "3sikpxiuh9vcw05ltg71lookb4ezgb5g", "fields": {"session_data": ".eJxVjEEOwiAQRe_C2hCBIoxL9z0DmRlAqgaS0q6Md7dNutDtf-_9twi4LiWsPc1hiuIqvDj9boT8THUH8YH13iS3uswTyV2RB-1ybDG9bof7d1Cwl63OGh26lEEbw9FBBMikovUuMXsaNA2wOcY4leFsPXkGhGwvBlmRYfH5AgKEOIQ:1nyA0B:jkzIKL6ErHfnkkFxo0h5pXkvC14ylv7KYyNRKsuA1dI", "expire_date": "2022-06-20T10:30:27.748Z"}}, {"model": "sessions.session", "pk": "4ckl4c9geohsqtgql3tnikkvbxddihw3", "fields": {"session_data": ".eJxVjEEOwiAQRe_C2hCBIoxL9z0DmRlAqgaS0q6Md7dNutDtf-_9twi4LiWsPc1hiuIqvDj9boT8THUH8YH13iS3uswTyV2RB-1ybDG9bof7d1Cwl63OGh26lEEbw9FBBMikovUuMXsaNA2wOcY4leFsPXkGhGwvBlmRYfH5AgKEOIQ:1nuwms:nS9PjpcCBVfyARodQZaPLlCg0l_hGO_VrppXN1lGg0s", "expire_date": "2022-06-11T13:47:26.438Z"}}, {"model": "sessions.session", "pk": "7ma60zh8vxncajv2931oq5fi7mnhrm9e", "fields": {"session_data": ".eJxVjDsOwjAQBe_iGlmOP_GGkj5nsHa9Dg4gR4qTCnF3HCkFtDPz3lsE3Lcc9prWMLO4ik5cfhlhfKZyCH5guS8yLmVbZ5JHIk9b5bhwet3O9u8gY81tbfoO1GQVuQRasQMDnBgjgI_MQBOhIdTO28aSGyIZT9r2mloFOIjPF_EDOMU:1nqa5w:CfJVNnJAIKh-CJF0i3WUiZAE3nsnUdRjUzkoAiIxn3I", "expire_date": "2022-05-30T12:45:04.638Z"}}, {"model": "sessions.session", "pk": "8f5uzud818tncn1skgjkbwqs9cgcw4lu", "fields": {"session_data": ".eJxVjDsOwjAQBe_iGlne2HgDJT1niPYHDqBYyqdC3J1ESgHtm5n3dh0tc-mWycauV3d2AO7wOzLJ04aN6IOGe_VSh3ns2W-K3-nkr1Xtddndv4NCU1lrBAxRIHAMIQsBR2tyTNqeEiJQMjRtUw5JGpObsK0KtoE1H5kB1X2-6uA4Fg:1nvH4B:eOuaI746MnJErW6vGJF0V4OI7Ouh1_j4ONogZOxNlNY", "expire_date": "2022-06-12T11:26:39.651Z"}}, {"model": "sessions.session", "pk": "ewenxym89w6lguk1hadkxf7kipgkejry", "fields": {"session_data": ".eJxVjDsOwjAQBe_iGlne2HgDJT1niPYHDqBYyqdC3J1ESgHtm5n3dh0tc-mWycauV3d2AO7wOzLJ04aN6IOGe_VSh3ns2W-K3-nkr1Xtddndv4NCU1lrBAxRIHAMIQsBR2tyTNqeEiJQMjRtUw5JGpObsK0KtoE1H5kB1X2-6uA4Fg:1nudTM:VKpqHDj8NXt-y-mAMQadplTTOd2YOh0YqcfCFHwK9K4", "expire_date": "2022-06-10T17:10:00.314Z"}}, {"model": "sessions.session", "pk": "ssh3xu1x4ius9sw3armrr3kjau1vlh26", "fields": {"session_data": "e30:1ntQII:JjvIVWoyFZcs2N-Riwq8iHo2OZk5JGDkQZS0Eqm5L1k", "expire_date": "2022-06-07T08:53:34.187Z"}}, {"model": "blogapp.profile", "pk": 9, "fields": {"user": 2, "image": "default_user_XZIRUyG.jpg", "first_name": "Admin", "last_name": "Admin", "friends": [8], "pending_friends": []}}, {"model": "blogapp.profile", "pk": 10, "fields": {"user": 8, "image": "no_result.jpg", "first_name": "Amar", "last_name": "Bratic", "friends": [2, 11], "pending_friends": [10]}}, {"model": "blogapp.profile", "pk": 11, "fields": {"user": 9, "image": "default_user.jpg", "first_name": "Bratix", "last_name": "Bratic", "friends": [], "pending_friends": []}}, {"model": "blogapp.profile", "pk": 12, "fields": {"user": 10, "image": "default_user.jpg", "first_name": "", "last_name": "", "friends": [], "pending_friends": []}}, {"model": "blogapp.profile", "pk": 13, "fields": {"user": 11, "image": "default_user.jpg", "first_name": "", "last_name": "", "friends": [8], "pending_friends": []}}, {"model": "blogapp.friend_request", "pk": 26, "fields": {"submitter": 8, "reciever": 11, "active": false, "send_date": "2022-05-25T19:26:59.454Z"}}, {"model": "blogapp.friend_request", "pk": 27, "fields": {"submitter": 8, "reciever": 2, "active": false, "send_date": "2022-05-25T19:27:04.895Z"}}, {"model": "blogapp.friend_request", "pk": 28, "fields": {"submitter": 8, "reciever": 10, "active": true, "send_date": "2022-05-25T20:11:17.432Z"}}, {"model": "blogapp.friend_request", "pk": 29, "fields": {"submitter": 8, "reciever": 2, "active": false, "send_date": "2022-05-28T13:20:05.483Z"}}, {"model": "blogapp.friend_request", "pk": 30, "fields": {"submitter": 2, "reciever": 8, "active": false, "send_date": "2022-05-28T13:34:56.575Z"}}, {"model": "blogapp.friend_request", "pk": 31, "fields": {"submitter": 2, "reciever": 8, "active": false, "send_date": "2022-05-28T13:36:00.203Z"}}, {"model": "blogapp.friend_request", "pk": 32, "fields": {"submitter": 8, "reciever": 2, "active": false, "send_date": "2022-05-28T13:40:55.029Z"}}, {"model": "blogapp.friend_request", "pk": 33, "fields": {"submitter": 8, "reciever": 2, "active": false, "send_date": "2022-05-28T13:46:55.211Z"}}, {"model": "blogapp.category", "pk": 1, "fields": {"name": "Sport"}}, {"model": "blogapp.category", "pk": 2, "fields": {"name": "Personal"}}, {"model": "blogapp.category", "pk": 3, "fields": {"name": "Fashion"}}, {"model": "blogapp.category", "pk": 4, "fields": {"name": "Travel"}}, {"model": "blogapp.category", "pk": 5, "fields": {"name": "Food"}}, {"model": "blogapp.category", "pk": 6, "fields": {"name": "News"}}, {"model": "blogapp.category", "pk": 7, "fields": {"name": "Health and fitness"}}, {"model": "blogapp.category", "pk": 8, "fields": {"name": "Photography"}}, {"model": "blogapp.category", "pk": 9, "fields": {"name": "DIY"}}, {"model": "blogapp.category", "pk": 10, "fields": {"name": "Music"}}, {"model": "blogapp.category", "pk": 11, "fields": {"name": "Business"}}, {"model": "blogapp.category", "pk": 12, "fields": {"name": "Art"}}, {"model": "blogapp.category", "pk": 13, "fields": {"name": "Movie"}}, {"model": "blogapp.category", "pk": 14, "fields": {"name": "Other"}}, {"model": "blogapp.blog", "pk": 9, "fields": {"author": 8, "category": 1, "title": "Blog", "description": "Ovo je blog", "image": "download.png", "creation_date": "2022-05-25T19:26:10.853Z", "moderators": [11], "subscribers": [8, 11]}}, {"model": "blogapp.post", "pk": 21, "fields": {"author": 8, "blog": 9, "title": "Post1", "text": "Post", "image": "Suggested_Posts_in_Feed.0_PwBJhQ3.jpeg", "creation_date": "2022-05-25T19:28:01.768Z", "likes": []}}, {"model": "blogapp.post", "pk": 22, "fields": {"author": 8, "blog": 9, "title": "Post2", "text": "Post", "image": "Suggested_Posts_in_Feed.0_PcVxar8.jpeg", "creation_date": "2022-05-25T19:28:07.705Z", "likes": []}}, {"model": "blogapp.post", "pk": 23, "fields": {"author": 8, "blog": 9, "title": "Post3", "text": "Post", "image": "Suggested_Posts_in_Feed.0_4RuqJwK.jpeg", "creation_date": "2022-05-25T19:28:15.261Z", "likes": []}}, {"model": "blogapp.post", "pk": 24, "fields": {"author": 8, "blog": 9, "title": "Post4", "text": "Post", "image": "Suggested_Posts_in_Feed.0_1ap7N7G.jpeg", "creation_date": "2022-05-25T19:28:20.921Z", "likes": []}}, {"model": "blogapp.post", "pk": 25, "fields": {"author": 8, "blog": 9, "title": "Post5", "text": "Post", "image": "Suggested_Posts_in_Feed.0_sMvEiWB.jpeg", "creation_date": "2022-05-25T19:28:29.063Z", "likes": []}}, {"model": "blogapp.post", "pk": 26, "fields": {"author": 8, "blog": 9, "title": "Post7", "text": "Post", "image": "Suggested_Posts_in_Feed.0_fjLb8H3.jpeg", "creation_date": "2022-05-25T19:28:34.717Z", "likes": []}}, {"model": "blogapp.post", "pk": 27, "fields": {"author": 11, "blog": 9, "title": "Post10", "text": "post", "image": "Suggested_Posts_in_Feed.0_pME2zzC.jpeg", "creation_date": "2022-05-25T19:28:54.005Z", "likes": []}}, {"model": "blogapp.post", "pk": 28, "fields": {"author": 11, "blog": 9, "title": "Post11", "text": "post", "image": "Suggested_Posts_in_Feed.0_fxBmbgW.jpeg", "creation_date": "2022-05-25T19:28:59.883Z", "likes": []}}, {"model": "blogapp.post", "pk": 29, "fields": {"author": 11, "blog": 9, "title": "Post12", "text": "post", "image": "Suggested_Posts_in_Feed.0_KZEGMlF.jpeg", "creation_date": "2022-05-25T19:29:04.245Z", "likes": []}}, {"model": "blogapp.post", "pk": 30, "fields": {"author": 11, "blog": 9, "title": "Post13", "text": "post", "image": "Suggested_Posts_in_Feed.0_Jb8RU7g.jpeg", "creation_date": "2022-05-25T19:29:10.344Z", "likes": []}}, {"model": "blogapp.post", "pk": 31, "fields": {"author": 8, "blog": 9, "title": "Amar", "text": "<p>Amar</p>", "image": "no_result_sCUZDIH.jpg", "creation_date": "2022-05-27T01:00:22.380Z", "likes": []}}, {"model": "blogapp.post", "pk": 32, "fields": {"author": 8, "blog": 9, "title": "Amar", "text": "<h1>Ma hero is madero.</h1><figure class=\"image image-style-align-center\"><img src=\"/media/download_nOEdUyu.png\"></figure><h1>&nbsp;</h1><h1>hero is madero.</h1>", "image": "no_result_FKxIJos.jpg", "creation_date": "2022-05-27T01:03:18.915Z", "likes": [8]}}, {"model": "blogapp.comment", "pk": 153, "fields": {"author": 8, "post": 32, "text": "Ekstra slika", "edited": false, "creation_date": "2022-05-27T03:22:22.711Z", "edit_date": "2022-05-27T03:22:22.707Z"}}, {"model": "blogapp.comment", "pk": 154, "fields": {"author": 8, "post": 32, "text": "Brale", "edited": false, "creation_date": "2022-05-27T16:25:09.215Z", "edit_date": "2022-05-27T16:25:09.211Z"}}, {"model": "blogapp.notification", "pk": 1, "fields": {"user": 11, "title": "New chat message", "url": "/chat/detail/1", "text": "Amar: asd", "type": 0}}, {"model": "taggit.tag", "pk": 1, "fields": {"name": "post", "slug": "post"}}, {"model": "taggit.tag", "pk": 2, "fields": {"name": "blog", "slug": "blog"}}, {"model": "taggit.tag", "pk": 3, "fields": {"name": "aaaa", "slug": "aaaa"}}, {"model": "taggit.tag", "pk": 4, "fields": {"name": "123", "slug": "123"}}, {"model": "taggit.tag", "pk": 5, "fields": {"name": "1233", "slug": "1233"}}, {"model": "taggit.tag", "pk": 6, "fields": {"name": "ata", "slug": "ata"}}, {"model": "taggit.tag", "pk": 7, "fields": {"name": "bla", "slug": "bla"}}, {"model": "taggit.tag", "pk": 8, "fields": {"name": "amar", "slug": "amar"}}, {"model": "taggit.tag", "pk": 9, "fields": {"name": "ilma", "slug": "ilma"}}, {"model": "taggit.tag", "pk": 10, "fields": {"name": "124124", "slug": "124124"}}, {"model": "taggit.tag", "pk": 11, "fields": {"name": "124214", "slug": "124214"}}, {"model": "taggit.taggeditem", "pk": 38, "fields": {"tag": 1, "content_type": 9, "object_id": 21}}, {"model": "taggit.taggeditem", "pk": 39, "fields": {"tag": 2, "content_type": 9, "object_id": 21}}, {"model": "taggit.taggeditem", "pk": 40, "fields": {"tag": 1, "content_type": 9, "object_id": 22}}, {"model": "taggit.taggeditem", "pk": 41, "fields": {"tag": 2, "content_type": 9, "object_id": 22}}, {"model": "taggit.taggeditem", "pk": 42, "fields": {"tag": 1, "content_type": 9, "object_id": 23}}, {"model": "taggit.taggeditem", "pk": 43, "fields": {"tag": 2, "content_type": 9, "object_id": 23}}, {"model": "taggit.taggeditem", "pk": 44, "fields": {"tag": 1, "content_type": 9, "object_id": 24}}, {"model": "taggit.taggeditem", "pk": 45, "fields": {"tag": 2, "content_type": 9, "object_id": 24}}, {"model": "taggit.taggeditem", "pk": 46, "fields": {"tag": 1, "content_type": 9, "object_id": 25}}, {"model": "taggit.taggeditem", "pk": 47, "fields": {"tag": 2, "content_type": 9, "object_id": 25}}, {"model": "taggit.taggeditem", "pk": 48, "fields": {"tag": 1, "content_type": 9, "object_id": 26}}, {"model": "taggit.taggeditem", "pk": 49, "fields": {"tag": 2, "content_type": 9, "object_id": 26}}, {"model": "taggit.taggeditem", "pk": 50, "fields": {"tag": 1, "content_type": 9, "object_id": 27}}, {"model": "taggit.taggeditem", "pk": 51, "fields": {"tag": 2, "content_type": 9, "object_id": 27}}, {"model": "taggit.taggeditem", "pk": 52, "fields": {"tag": 1, "content_type": 9, "object_id": 28}}, {"model": "taggit.taggeditem", "pk": 53, "fields": {"tag": 2, "content_type": 9, "object_id": 28}}, {"model": "taggit.taggeditem", "pk": 54, "fields": {"tag": 1, "content_type": 9, "object_id": 29}}, {"model": "taggit.taggeditem", "pk": 55, "fields": {"tag": 2, "content_type": 9, "object_id": 29}}, {"model": "taggit.taggeditem", "pk": 56, "fields": {"tag": 1, "content_type": 9, "object_id": 30}}, {"model": "taggit.taggeditem", "pk": 57, "fields": {"tag": 2, "content_type": 9, "object_id": 30}}, {"model": "taggit.taggeditem", "pk": 58, "fields": {"tag": 1, "content_type": 9, "object_id": 31}}, {"model": "taggit.taggeditem", "pk": 59, "fields": {"tag": 2, "content_type": 9, "object_id": 31}}, {"model": "taggit.taggeditem", "pk": 60, "fields": {"tag": 1, "content_type": 9, "object_id": 32}}, {"model": "taggit.taggeditem", "pk": 61, "fields": {"tag": 2, "content_type": 9, "object_id": 32}}, {"model": "chat.chat", "pk": 1, "fields": {"user1": 8, "user2": 11, "active": true, "last_message": "2022-06-06T10:53:45.483Z"}}, {"model": "chat.chat", "pk": 2, "fields": {"user1": 8, "user2": 2, "active": true, "last_message": "2022-05-29T15:43:43.111Z"}}, {"model": "chat.message", "pk": 1, "fields": {"chat": 1, "user": 8, "time": "2022-05-29T11:21:02.038Z", "text": "Amar"}}, {"model": "chat.message", "pk": 2, "fields": {"chat": 1, "user": 8, "time": "2022-05-29T11:21:14.386Z", "text": "Amar"}}, {"model": "chat.message", "pk": 3, "fields": {"chat": 1, "user": 8, "time": "2022-05-29T11:21:34.278Z", "text": "Amar"}}, {"model": "chat.message", "pk": 4, "fields": {"chat": 1, "user": 8, "time": "2022-05-29T11:21:38.372Z", "text": "Bratic"}}, {"model": "chat.message", "pk": 5, "fields": {"chat": 1, "user": 8, "time": "2022-05-29T11:25:31.244Z", "text": "asd"}}, {"model": "chat.message", "pk": 6, "fields": {"chat": 1, "user": 11, "time": "2022-05-29T11:26:44.150Z", "text": "E brate"}}, {"model": "chat.message", "pk": 7, "fields": {"chat": 1, "user": 8, "time": "2022-05-29T11:26:46.415Z", "text": "a"}}, {"model": "chat.message", "pk": 8, "fields": {"chat": 1, "user": 8, "time": "2022-05-29T11:26:46.693Z", "text": "b"}}, {"model": "chat.message", "pk": 9, "fields": {"chat": 1, "user": 8, "time": "2022-05-29T11:26:46.967Z", "text": "c"}}, {"model": "chat.message", "pk": 10, "fields": {"chat": 1, "user": 8, "time": "2022-05-29T11:26:47.165Z", "text": "d"}}, {"model": "chat.message", "pk": 11, "fields": {"chat": 1, "user": 11, "time": "2022-05-29T11:26:49.181Z", "text": "e"}}, {"model": "chat.message", "pk": 12, "fields": {"chat": 1, "user": 11, "time": "2022-05-29T11:26:49.588Z", "text": "f"}}, {"model": "chat.message", "pk": 13, "fields": {"chat": 1, "user": 11, "time": "2022-05-29T11:26:50.123Z", "text": "g"}}, {"model": "chat.message", "pk": 14, "fields": {"chat": 1, "user": 11, "time": "2022-05-29T11:26:50.845Z", "text": "h"}}, {"model": "chat.message", "pk": 15, "fields": {"chat": 1, "user": 11, "time": "2022-05-29T11:26:51.942Z", "text": "i"}}, {"model": "chat.message", "pk": 16, "fields": {"chat": 1, "user": 11, "time": "2022-05-29T11:26:53.074Z", "text": "j"}}, {"model": "chat.message", "pk": 17, "fields": {"chat": 1, "user": 11, "time": "2022-05-29T11:26:53.603Z", "text": "k"}}, {"model": "chat.message", "pk": 18, "fields": {"chat": 1, "user": 11, "time": "2022-05-29T11:26:56.478Z", "text": ":asihdasd\\"}}, {"model": "chat.message", "pk": 19, "fields": {"chat": 1, "user": 8, "time": "2022-05-29T11:26:59.431Z", "text": "razbuuuu"}}, {"model": "chat.message", "pk": 20, "fields": {"chat": 1, "user": 11, "time": "2022-05-29T11:34:21.589Z", "text": "asdadsas"}}, {"model": "chat.message", "pk": 21, "fields": {"chat": 1, "user": 11, "time": "2022-05-29T11:34:21.740Z", "text": "sad"}}, {"model": "chat.message", "pk": 22, "fields": {"chat": 1, "user": 11, "time": "2022-05-29T11:34:21.877Z", "text": "d\na"}}, {"model": "chat.message", "pk": 23, "fields": {"chat": 1, "user": 11, "time": "2022-05-29T11:34:22.014Z", "text": "s\nd"}}, {"model": "chat.message", "pk": 24, "fields": {"chat": 1, "user": 11, "time": "2022-05-29T11:34:22.142Z", "text": "a"}}, {"model": "chat.message", "pk": 25, "fields": {"chat": 1, "user": 11, "time": "2022-05-29T11:34:22.274Z", "text": "a"}}, {"model": "chat.message", "pk": 26, "fields": {"chat": 1, "user": 11, "time": "2022-05-29T11:34:22.531Z", "text": "a"}}, {"model": "chat.message", "pk": 27, "fields": {"chat": 1, "user": 11, "time": "2022-05-29T11:34:22.650Z", "text": "a"}}, {"model": "chat.message", "pk": 28, "fields": {"chat": 1, "user": 11, "time": "2022-05-29T11:34:22.769Z", "text": "a"}}, {"model": "chat.message", "pk": 29, "fields": {"chat": 1, "user": 8, "time": "2022-05-29T11:34:31.220Z", "text": "aslkhdas\nd"}}, {"model": "chat.message", "pk": 30, "fields": {"chat": 1, "user": 8, "time": "2022-05-29T11:34:31.363Z", "text": "as]\ndhj"}}, {"model": "chat.message", "pk": 31, "fields": {"chat": 1, "user": 8, "time": "2022-05-29T11:34:31.529Z", "text": "asoip;"}}, {"model": "chat.message", "pk": 32, "fields": {"chat": 1, "user": 8, "time": "2022-05-29T11:34:31.714Z", "text": "dhas\no"}}, {"model": "chat.message", "pk": 33, "fields": {"chat": 1, "user": 8, "time": "2022-05-29T11:34:31.908Z", "text": "dao\n[s"}}, {"model": "chat.message", "pk": 34, "fields": {"chat": 1, "user": 8, "time": "2022-05-29T11:34:32.047Z", "text": "dh\noas"}}, {"model": "chat.message", "pk": 35, "fields": {"chat": 1, "user": 8, "time": "2022-05-29T11:34:32.200Z", "text": "pidh9"}}, {"model": "chat.message", "pk": 36, "fields": {"chat": 1, "user": 8, "time": "2022-05-29T11:34:33.138Z", "text": "ashipdas\\"}}, {"model": "chat.message", "pk": 37, "fields": {"chat": 1, "user": 11, "time": "2022-05-29T11:34:34.710Z", "text": "ee\ne"}}, {"model": "chat.message", "pk": 38, "fields": {"chat": 1, "user": 11, "time": "2022-05-29T11:34:34.865Z", "text": "e"}}, {"model": "chat.message", "pk": 39, "fields": {"chat": 1, "user": 11, "time": "2022-05-29T11:34:35.009Z", "text": "e"}}, {"model": "chat.message", "pk": 40, "fields": {"chat": 1, "user": 11, "time": "2022-05-29T11:34:35.130Z", "text": "e"}}, {"model": "chat.message", "pk": 41, "fields": {"chat": 1, "user": 11, "time": "2022-05-29T11:34:35.254Z", "text": "e"}}, {"model": "chat.message", "pk": 42, "fields": {"chat": 1, "user": 11, "time": "2022-05-29T11:34:35.372Z", "text": "e"}}, {"model": "chat.message", "pk": 43, "fields": {"chat": 1, "user": 8, "time": "2022-05-29T11:34:36.517Z", "text": "a\na"}}, {"model": "chat.message", "pk": 44, "fields": {"chat": 1, "user": 8, "time": "2022-05-29T11:34:36.647Z", "text": "a"}}, {"model": "chat.message", "pk": 45, "fields": {"chat": 1, "user": 8, "time": "2022-05-29T11:34:36.911Z", "text": "a"}}, {"model": "chat.message", "pk": 46, "fields": {"chat": 1, "user": 8, "time": "2022-05-29T11:34:37.039Z", "text": "a"}}, {"model": "chat.message", "pk": 47, "fields": {"chat": 1, "user": 8, "time": "2022-05-29T11:34:37.165Z", "text": "a"}}, {"model": "chat.message", "pk": 48, "fields": {"chat": 1, "user": 8, "time": "2022-05-29T11:34:37.285Z", "text": "a"}}, {"model": "chat.message", "pk": 49, "fields": {"chat": 1, "user": 8, "time": "2022-05-29T11:59:22.666Z", "text": "a"}}, {"model": "chat.message", "pk": 50, "fields": {"chat": 1, "user": 8, "time": "2022-05-29T11:59:22.881Z", "text": "b"}}, {"model": "chat.message", "pk": 51, "fields": {"chat": 1, "user": 8, "time": "2022-05-29T11:59:23.098Z", "text": "c"}}, {"model": "chat.message", "pk": 52, "fields": {"chat": 1, "user": 8, "time": "2022-05-29T11:59:23.350Z", "text": "d"}}, {"model": "chat.message", "pk": 53, "fields": {"chat": 1, "user": 8, "time": "2022-05-29T11:59:23.569Z", "text": "d"}}, {"model": "chat.message", "pk": 54, "fields": {"chat": 1, "user": 8, "time": "2022-05-29T11:59:23.750Z", "text": "a\ns"}}, {"model": "chat.message", "pk": 55, "fields": {"chat": 1, "user": 8, "time": "2022-05-29T11:59:23.927Z", "text": "d\nas"}}, {"model": "chat.message", "pk": 56, "fields": {"chat": 1, "user": 8, "time": "2022-05-29T11:59:24.097Z", "text": "d"}}, {"model": "chat.message", "pk": 57, "fields": {"chat": 1, "user": 8, "time": "2022-05-29T11:59:24.252Z", "text": "as\nd"}}, {"model": "chat.message", "pk": 58, "fields": {"chat": 1, "user": 8, "time": "2022-05-29T11:59:24.412Z", "text": "as\nd"}}, {"model": "chat.message", "pk": 59, "fields": {"chat": 1, "user": 8, "time": "2022-05-29T11:59:24.562Z", "text": "a\ns"}}, {"model": "chat.message", "pk": 60, "fields": {"chat": 1, "user": 8, "time": "2022-05-29T11:59:24.712Z", "text": "d\nas"}}, {"model": "chat.message", "pk": 61, "fields": {"chat": 1, "user": 8, "time": "2022-05-29T11:59:24.871Z", "text": "d"}}, {"model": "chat.message", "pk": 62, "fields": {"chat": 1, "user": 8, "time": "2022-05-29T11:59:25.036Z", "text": "as\nd"}}, {"model": "chat.message", "pk": 63, "fields": {"chat": 1, "user": 8, "time": "2022-05-29T11:59:25.193Z", "text": "as\nd"}}, {"model": "chat.message", "pk": 64, "fields": {"chat": 1, "user": 8, "time": "2022-05-29T11:59:25.355Z", "text": "as"}}, {"model": "chat.message", "pk": 65, "fields": {"chat": 1, "user": 8, "time": "2022-05-29T11:59:25.514Z", "text": "d\na"}}, {"model": "chat.message", "pk": 66, "fields": {"chat": 1, "user": 8, "time": "2022-05-29T11:59:25.670Z", "text": "s\nd"}}, {"model": "chat.message", "pk": 67, "fields": {"chat": 1, "user": 8, "time": "2022-05-29T11:59:25.832Z", "text": "as\nd"}}, {"model": "chat.message", "pk": 68, "fields": {"chat": 1, "user": 8, "time": "2022-05-29T11:59:26.003Z", "text": "a\ns"}}, {"model": "chat.message", "pk": 69, "fields": {"chat": 1, "user": 8, "time": "2022-05-29T11:59:26.160Z", "text": "d\nas"}}, {"model": "chat.message", "pk": 70, "fields": {"chat": 1, "user": 8, "time": "2022-05-29T11:59:26.328Z", "text": "d\na"}}, {"model": "chat.message", "pk": 71, "fields": {"chat": 1, "user": 8, "time": "2022-05-29T11:59:26.490Z", "text": "sd"}}, {"model": "chat.message", "pk": 72, "fields": {"chat": 1, "user": 8, "time": "2022-05-29T11:59:26.654Z", "text": "as\nd"}}, {"model": "chat.message", "pk": 73, "fields": {"chat": 1, "user": 8, "time": "2022-05-29T11:59:26.812Z", "text": "as"}}, {"model": "chat.message", "pk": 74, "fields": {"chat": 1, "user": 8, "time": "2022-05-29T11:59:26.976Z", "text": "d\nas"}}, {"model": "chat.message", "pk": 75, "fields": {"chat": 1, "user": 8, "time": "2022-05-29T11:59:27.134Z", "text": "d"}}, {"model": "chat.message", "pk": 76, "fields": {"chat": 1, "user": 8, "time": "2022-05-29T11:59:27.295Z", "text": "as\nd"}}, {"model": "chat.message", "pk": 77, "fields": {"chat": 1, "user": 8, "time": "2022-05-29T11:59:27.453Z", "text": "as"}}, {"model": "chat.message", "pk": 78, "fields": {"chat": 1, "user": 8, "time": "2022-05-29T11:59:27.615Z", "text": "d\na"}}, {"model": "chat.message", "pk": 79, "fields": {"chat": 1, "user": 8, "time": "2022-05-29T11:59:27.778Z", "text": "sd"}}, {"model": "chat.message", "pk": 80, "fields": {"chat": 1, "user": 8, "time": "2022-05-29T11:59:27.939Z", "text": "as\nd"}}, {"model": "chat.message", "pk": 81, "fields": {"chat": 1, "user": 8, "time": "2022-05-29T11:59:28.107Z", "text": "as"}}, {"model": "chat.message", "pk": 82, "fields": {"chat": 1, "user": 8, "time": "2022-05-29T11:59:28.274Z", "text": "d\na"}}, {"model": "chat.message", "pk": 83, "fields": {"chat": 1, "user": 8, "time": "2022-05-29T11:59:28.435Z", "text": "d"}}, {"model": "chat.message", "pk": 84, "fields": {"chat": 1, "user": 8, "time": "2022-05-29T11:59:28.592Z", "text": "as\nd"}}, {"model": "chat.message", "pk": 85, "fields": {"chat": 2, "user": 8, "time": "2022-05-29T12:21:55.476Z", "text": "1"}}, {"model": "chat.message", "pk": 86, "fields": {"chat": 2, "user": 8, "time": "2022-05-29T12:21:55.740Z", "text": "2"}}, {"model": "chat.message", "pk": 87, "fields": {"chat": 2, "user": 8, "time": "2022-05-29T12:21:56.095Z", "text": "3"}}, {"model": "chat.message", "pk": 88, "fields": {"chat": 2, "user": 8, "time": "2022-05-29T12:21:56.456Z", "text": "4"}}, {"model": "chat.message", "pk": 89, "fields": {"chat": 2, "user": 8, "time": "2022-05-29T12:21:56.775Z", "text": "5"}}, {"model": "chat.message", "pk": 90, "fields": {"chat": 2, "user": 8, "time": "2022-05-29T12:21:57.222Z", "text": "6"}}, {"model": "chat.message", "pk": 91, "fields": {"chat": 2, "user": 8, "time": "2022-05-29T12:21:57.559Z", "text": "7"}}, {"model": "chat.message", "pk": 92, "fields": {"chat": 2, "user": 8, "time": "2022-05-29T12:21:57.888Z", "text": "8"}}, {"model": "chat.message", "pk": 93, "fields": {"chat": 2, "user": 8, "time": "2022-05-29T12:21:58.212Z", "text": "9"}}, {"model": "chat.message", "pk": 94, "fields": {"chat": 2, "user": 8, "time": "2022-05-29T12:21:59.826Z", "text": "10"}}, {"model": "chat.message", "pk": 95, "fields": {"chat": 2, "user": 8, "time": "2022-05-29T12:22:00.321Z", "text": "11"}}, {"model": "chat.message", "pk": 96, "fields": {"chat": 2, "user": 8, "time": "2022-05-29T12:22:00.934Z", "text": "12"}}, {"model": "chat.message", "pk": 97, "fields": {"chat": 2, "user": 8, "time": "2022-05-29T12:22:01.374Z", "text": "13"}}, {"model": "chat.message", "pk": 98, "fields": {"chat": 2, "user": 8, "time": "2022-05-29T12:22:02.626Z", "text": "14"}}, {"model": "chat.message", "pk": 99, "fields": {"chat": 2, "user": 8, "time": "2022-05-29T12:22:03.380Z", "text": "15"}}, {"model": "chat.message", "pk": 100, "fields": {"chat": 2, "user": 8, "time": "2022-05-29T12:22:03.905Z", "text": "16"}}, {"model": "chat.message", "pk": 101, "fields": {"chat": 2, "user": 8, "time": "2022-05-29T12:22:04.526Z", "text": "17"}}, {"model": "chat.message", "pk": 102, "fields": {"chat": 2, "user": 8, "time": "2022-05-29T12:22:06.603Z", "text": "18"}}, {"model": "chat.message", "pk": 103, "fields": {"chat": 2, "user": 8, "time": "2022-05-29T12:22:07.806Z", "text": "19"}}, {"model": "chat.message", "pk": 104, "fields": {"chat": 2, "user": 8, "time": "2022-05-29T12:22:09.045Z", "text": "20"}}, {"model": "chat.message", "pk": 105, "fields": {"chat": 2, "user": 8, "time": "2022-05-29T12:22:09.716Z", "text": "21"}}, {"model": "chat.message", "pk": 106, "fields": {"chat": 2, "user": 8, "time": "2022-05-29T12:22:10.374Z", "text": "22"}}, {"model": "chat.message", "pk": 107, "fields": {"chat": 2, "user": 8, "time": "2022-05-29T12:22:11.084Z", "text": "23"}}, {"model": "chat.message", "pk": 108, "fields": {"chat": 2, "user": 8, "time": "2022-05-29T12:22:11.755Z", "text": "24"}}, {"model": "chat.message", "pk": 109, "fields": {"chat": 2, "user": 8, "time": "2022-05-29T12:22:12.465Z", "text": "25"}}, {"model": "chat.message", "pk": 110, "fields": {"chat": 2, "user": 8, "time": "2022-05-29T12:22:13.332Z", "text": "26"}}, {"model": "chat.message", "pk": 111, "fields": {"chat": 2, "user": 8, "time": "2022-05-29T12:22:14.276Z", "text": "27"}}, {"model": "chat.message", "pk": 112, "fields": {"chat": 2, "user": 8, "time": "2022-05-29T12:23:45.508Z", "text": "3"}}, {"model": "chat.message", "pk": 113, "fields": {"chat": 2, "user": 8, "time": "2022-05-29T12:23:45.920Z", "text": "41"}}, {"model": "chat.message", "pk": 114, "fields": {"chat": 2, "user": 8, "time": "2022-05-29T12:23:47.550Z", "text": "51"}}, {"model": "chat.message", "pk": 115, "fields": {"chat": 2, "user": 8, "time": "2022-05-29T12:23:48.075Z", "text": "61"}}, {"model": "chat.message", "pk": 116, "fields": {"chat": 2, "user": 8, "time": "2022-05-29T12:23:48.658Z", "text": "71"}}, {"model": "chat.message", "pk": 117, "fields": {"chat": 2, "user": 8, "time": "2022-05-29T12:23:49.723Z", "text": "81"}}, {"model": "chat.message", "pk": 118, "fields": {"chat": 2, "user": 8, "time": "2022-05-29T12:23:50.927Z", "text": "91"}}, {"model": "chat.message", "pk": 119, "fields": {"chat": 2, "user": 8, "time": "2022-05-29T12:23:53.082Z", "text": "100"}}, {"model": "chat.message", "pk": 120, "fields": {"chat": 2, "user": 8, "time": "2022-05-29T12:23:54.304Z", "text": "101"}}, {"model": "chat.message", "pk": 121, "fields": {"chat": 2, "user": 8, "time": "2022-05-29T12:23:55.397Z", "text": "102"}}, {"model": "chat.message", "pk": 122, "fields": {"chat": 2, "user": 8, "time": "2022-05-29T12:23:56.780Z", "text": "103"}}, {"model": "chat.message", "pk": 123, "fields": {"chat": 2, "user": 8, "time": "2022-05-29T12:23:58.523Z", "text": "203"}}, {"model": "chat.message", "pk": 124, "fields": {"chat": 2, "user": 8, "time": "2022-05-29T12:23:59.970Z", "text": "403"}}, {"model": "chat.message", "pk": 125, "fields": {"chat": 2, "user": 8, "time": "2022-05-29T12:27:10.424Z", "text": "B"}}, {"model": "chat.message", "pk": 126, "fields": {"chat": 2, "user": 8, "time": "2022-05-29T12:27:11.444Z", "text": "wart"}}, {"model": "chat.message", "pk": 127, "fields": {"chat": 2, "user": 8, "time": "2022-05-29T12:27:12.993Z", "text": "Ain"}}, {"model": "chat.message", "pk": 128, "fields": {"chat": 2, "user": 8, "time": "2022-05-29T12:27:14.273Z", "text": "nander"}}, {"model": "chat.message", "pk": 129, "fields": {"chat": 2, "user": 8, "time": "2022-05-29T12:27:14.818Z", "text": "for"}}, {"model": "chat.message", "pk": 130, "fields": {"chat": 2, "user": 8, "time": "2022-05-29T12:36:00.264Z", "text": "Amar"}}, {"model": "chat.message", "pk": 131, "fields": {"chat": 2, "user": 8, "time": "2022-05-29T13:37:11.838Z", "text": "a"}}, {"model": "chat.message", "pk": 132, "fields": {"chat": 2, "user": 8, "time": "2022-05-29T15:22:08.416Z", "text": "asd"}}, {"model": "chat.message", "pk": 133, "fields": {"chat": 2, "user": 8, "time": "2022-05-29T15:43:40.533Z", "text": "a"}}, {"model": "chat.message", "pk": 134, "fields": {"chat": 2, "user": 8, "time": "2022-05-29T15:43:42.291Z", "text": "b"}}, {"model": "chat.message", "pk": 135, "fields": {"chat": 2, "user": 8, "time": "2022-05-29T15:43:42.761Z", "text": "c"}}, {"model": "chat.message", "pk": 136, "fields": {"chat": 2, "user": 8, "time": "2022-05-29T15:43:43.111Z", "text": "d"}}, {"model": "chat.message", "pk": 137, "fields": {"chat": 1, "user": 11, "time": "2022-05-29T21:26:10.395Z", "text": "E amare sta ima"}}, {"model": "chat.message", "pk": 138, "fields": {"chat": 1, "user": 8, "time": "2022-05-29T21:26:14.668Z", "text": "MA nista ktb"}}, {"model": "chat.message", "pk": 139, "fields": {"chat": 1, "user": 8, "time": "2022-06-06T10:30:35.260Z", "text": "Amar"}}, {"model": "chat.message", "pk": 140, "fields": {"chat": 1, "user": 8, "time": "2022-06-06T10:31:47.155Z", "text": "a"}}, {"model": "chat.message", "pk": 141, "fields": {"chat": 1, "user": 8, "time": "2022-06-06T10:33:06.810Z", "text": "a"}}, {"model": "chat.message", "pk": 142, "fields": {"chat": 1, "user": 8, "time": "2022-06-06T10:48:26.134Z", "text": "a"}}, {"model": "chat.message", "pk": 143, "fields": {"chat": 1, "user": 8, "time": "2022-06-06T10:51:12.308Z", "text": "Opa"}}, {"model": "chat.message", "pk": 144, "fields": {"chat": 1, "user": 8, "time": "2022-06-06T10:51:47.723Z", "text": "asd"}}, {"model": "chat.message", "pk": 145, "fields": {"chat": 1, "user": 8, "time": "2022-06-06T10:52:06.407Z", "text": "a"}}, {"model": "chat.message", "pk": 146, "fields": {"chat": 1, "user": 8, "time": "2022-06-06T10:52:27.004Z", "text": "e"}}, {"model": "chat.message", "pk": 147, "fields": {"chat": 1, "user": 8, "time": "2022-06-06T10:52:38.677Z", "text": "e"}}, {"model": "chat.message", "pk": 148, "fields": {"chat": 1, "user": 8, "time": "2022-06-06T10:52:53.614Z", "text": "a"}}, {"model": "chat.message", "pk": 149, "fields": {"chat": 1, "user": 8, "time": "2022-06-06T10:53:03.191Z", "text": "a"}}, {"model": "chat.message", "pk": 150, "fields": {"chat": 1, "user": 8, "time": "2022-06-06T10:53:45.483Z", "text": "asd"}}]